{
  "accuracy_10_percent": [
    0.08282119035720825,
    0.09406537562608719,
    0.09709616005420685,
    0.10020434856414795,
    0.1013566330075264,
    0.10204479843378067,
    0.10272953659296036,
    0.10338898003101349,
    0.10385595262050629,
    0.10361292958259583,
    0.10819892585277557,
    0.10700534284114838,
    0.10802280157804489,
    0.10859252512454987,
    0.10878463834524155,
    0.10908214747905731,
    0.11008693277835846,
    0.1097574457526207,
    0.11090963333845139,
    0.11133509874343872,
    0.11119107156991959,
    0.11142798513174057,
    0.1118631511926651,
    0.11210635304450989,
    0.1120903491973877,
    0.11200709640979767,
    0.11342809349298477,
    0.11257664859294891,
    0.11401693522930145
  ],
  "accuracy_15_percent": [
    0.12512820959091187,
    0.14296554028987885,
    0.14841613173484802,
    0.15308308601379395,
    0.1547825038433075,
    0.1555504947900772,
    0.15648214519023895,
    0.15821029245853424,
    0.1588023602962494,
    0.1588856428861618,
    0.16470804810523987,
    0.1645929515361786,
    0.16508892178535461,
    0.16648104786872864,
    0.16651935875415802,
    0.1673065721988678,
    0.1677548736333847,
    0.16747942566871643,
    0.16943489015102386,
    0.16990511119365692,
    0.1698540449142456,
    0.1703534573316574,
    0.17132940888404846,
    0.17040763795375824,
    0.171383798122406,
    0.17151141166687012,
    0.17236953973770142,
    0.17302876710891724,
    0.1735503077507019
  ],
  "accuracy_20_percent": [
    0.16906699538230896,
    0.19287683069705963,
    0.20135922729969025,
    0.20724183320999146,
    0.2096969187259674,
    0.21101227402687073,
    0.21235963702201843,
    0.21421301364898682,
    0.21556051075458527,
    0.21581676602363586,
    0.22284014523029327,
    0.22254562377929688,
    0.2241995930671692,
    0.22426418960094452,
    0.22511208057403564,
    0.22568157315254211,
    0.22641783952713013,
    0.22627367079257965,
    0.2279890775680542,
    0.22919875383377075,
    0.22888821363449097,
    0.2297685742378235,
    0.23063546419143677,
    0.22991524636745453,
    0.2312469631433487,
    0.23128874599933624,
    0.23172028362751007,
    0.2330101579427719,
    0.2334197610616684
  ],
  "accuracy_5_percent": [
    0.041250620037317276,
    0.04648998752236366,
    0.04856731742620468,
    0.049879562109708786,
    0.049994904547929764,
    0.05046221986413002,
    0.050766218453645706,
    0.05082058161497116,
    0.05103819817304611,
    0.05094870552420616,
    0.0534307025372982,
    0.052841804921627045,
    0.05332504212856293,
    0.052947379648685455,
    0.053654562681913376,
    0.05313941463828087,
    0.05425630137324333,
    0.053456179797649384,
    0.0541602298617363,
    0.05476832389831543,
    0.05420182645320892,
    0.05470122769474983,
    0.05492517724633217,
    0.05514591932296753,
    0.055190734565258026,
    0.05492193624377251,
    0.05587559938430786,
    0.05535393953323364,
    0.05611882731318474
  ],
  "loss": [
    0.36771416664123535,
    0.24988208711147308,
    0.23202462494373322,
    0.21884730458259583,
    0.21207568049430847,
    0.20798003673553467,
    0.20529530942440033,
    0.20391355454921722,
    0.2021407186985016,
    0.20168061554431915,
    0.19571585953235626,
    0.19455626606941223,
    0.19355401396751404,
    0.19318753480911255,
    0.1924535036087036,
    0.19208046793937683,
    0.19141589105129242,
    0.1908653825521469,
    0.19041387736797333,
    0.18967118859291077,
    0.18917806446552277,
    0.18854020535945892,
    0.18782305717468262,
    0.18727587163448334,
    0.1867443174123764,
    0.18633200228214264,
    0.1856425404548645,
    0.18496395647525787,
    0.18444377183914185
  ],
  "mae": [
    0.54310542345047,
    0.48785969614982605,
    0.47702881693840027,
    0.4703810513019562,
    0.4669680595397949,
    0.4645872116088867,
    0.46302130818367004,
    0.4620407819747925,
    0.4600898325443268,
    0.4600858688354492,
    0.4534038007259369,
    0.45279884338378906,
    0.45197317004203796,
    0.451549232006073,
    0.45081716775894165,
    0.4505664110183716,
    0.44961902499198914,
    0.4492541253566742,
    0.4486442506313324,
    0.4477401077747345,
    0.4473617672920227,
    0.44667065143585205,
    0.4458152651786804,
    0.44554948806762695,
    0.444778174161911,
    0.44432276487350464,
    0.4436505436897278,
    0.44291049242019653,
    0.4421822726726532
  ],
  "mse": [
    0.6216689348220825,
    0.5106307864189148,
    0.4910784363746643,
    0.479228675365448,
    0.4730531871318817,
    0.46789902448654175,
    0.4639035761356354,
    0.46252381801605225,
    0.4586658477783203,
    0.458894819021225,
    0.4470641314983368,
    0.4456521272659302,
    0.4435166120529175,
    0.4434797763824463,
    0.44159236550331116,
    0.4406467080116272,
    0.4394208490848541,
    0.4385721683502197,
    0.4377742409706116,
    0.4364309012889862,
    0.43546441197395325,
    0.4342769384384155,
    0.4328141510486603,
    0.43167877197265625,
    0.43084174394607544,
    0.43015801906585693,
    0.4288007616996765,
    0.42731577157974243,
    0.4263666868209839
  ],
  "r_squared": [
    0.3819778263568878,
    0.4957760274410248,
    0.5150042772293091,
    0.5253123044967651,
    0.5323649048805237,
    0.5375202298164368,
    0.5407644510269165,
    0.5409638285636902,
    0.5448471903800964,
    0.5460537075996399,
    0.5662707090377808,
    0.5676950216293335,
    0.5692422986030579,
    0.5694438219070435,
    0.571485698223114,
    0.5716347694396973,
    0.5735442042350769,
    0.5734410881996155,
    0.5747362375259399,
    0.5765321254730225,
    0.5771576762199402,
    0.5783984065055847,
    0.5801991820335388,
    0.5807461142539978,
    0.5809493660926819,
    0.5825058221817017,
    0.584198534488678,
    0.5842515230178833,
    0.5857393145561218
  ],
  "val_accuracy_10_percent": [
    0.13295075297355652,
    0.12078551948070526,
    0.0958273857831955,
    0.10468082129955292,
    0.14966514706611633,
    0.1027916669845581,
    0.13797229528427124,
    0.11612264811992645,
    0.09815871715545654,
    0.13405680656433105,
    0.10458455979824066,
    0.11220143735408783,
    0.11405210196971893,
    0.09969556331634521,
    0.10938996076583862,
    0.12094680219888687,
    0.14790469408035278,
    0.12076764553785324,
    0.14022205770015717,
    0.10210724920034409,
    0.1225883811712265,
    0.109300397336483,
    0.13348262012004852,
    0.138998344540596,
    0.13678959012031555,
    0.14635267853736877,
    0.12190186232328415,
    0.13673590123653412,
    0.1267908364534378
  ],
  "val_accuracy_15_percent": [
    0.19084763526916504,
    0.18182089924812317,
    0.15291728079319,
    0.16350430250167847,
    0.2111789733171463,
    0.1636177897453308,
    0.20283354818820953,
    0.1816774159669876,
    0.15970228612422943,
    0.1897716373205185,
    0.16920970380306244,
    0.1762535274028778,
    0.17807430028915405,
    0.1604703962802887,
    0.1753820776939392,
    0.1863718181848526,
    0.20550985634326935,
    0.18490922451019287,
    0.20334887504577637,
    0.1657174825668335,
    0.18702846765518188,
    0.17186014354228973,
    0.19687789678573608,
    0.20037013292312622,
    0.1980419009923935,
    0.20294302701950073,
    0.18565542995929718,
    0.20054912567138672,
    0.18926097452640533
  ],