{
  "accuracy_10_percent": [
    0.045450419187545776,
    0.06536730378866196,
    0.081337109208107,
    0.1015983298420906,
    0.10422530025243759,
    0.10596141219139099,
    0.11650999635457993,
    0.11728521436452866,
    0.1222362294793129
  ],
  "accuracy_15_percent": [
    0.06651059538125992,
    0.09783319383859634,
    0.12459167838096619,
    0.15290969610214233,
    0.15715225040912628,
    0.16479048132896423,
    0.1762511134147644,
    0.17671363055706024,
    0.18072004616260529
  ],
  "accuracy_20_percent": [
    0.08998438715934753,
    0.1330847144126892,
    0.1696247160434723,
    0.20657604932785034,
    0.21286416053771973,
    0.21847964823246002,
    0.23393690586090088,
    0.23587822914123535,
    0.24202625453472137
  ],
  "accuracy_5_percent": [
    0.023818597197532654,
    0.032302554696798325,
    0.04081373289227486,
    0.04888471961021423,
    0.05318102240562439,
    0.055376406759023666,
    0.05779002234339714,
    0.060302991420030594,
    0.05972319841384888
  ],
  "loss": [
    0.611574649810791,
    0.3698188066482544,
    0.29440781474113464,
    0.25102612376213074,
    0.23926854133605957,
    0.22620922327041626,
    0.2152094691991806,
    0.21086375415325165,
    0.2027226835489273
  ],
  "mae": [
    0.8875398635864258,
    0.5932069420814514,
    0.4966459274291992,
    0.43717098236083984,
    0.4253949224948883,
    0.4115139842033386,
    0.3954731523990631,
    0.3911963403224945,
    0.38087716698646545
  ],
  "mse": [
    1.4429080486297607,
    0.7102000713348389,
    0.5112384557723999,
    0.4098854660987854,
    0.38400617241859436,
    0.35935643315315247,
    0.33466699719429016,
    0.32827049493789673,
    0.3096925914287567
  ],
  "r_squared": [
    -0.47425633668899536,
    0.28719255328178406,
    0.4856472611427307,
    0.5887355208396912,
    0.6177999377250671,
    0.6415585875511169,
    0.6645481586456299,
    0.6710524559020996,
    0.6902016401290894
  ],
  "val_accuracy_10_percent": [
    0.0524553582072258,
    0.04787946492433548,
    0.09274553507566452,
    0.08812671899795532,
    0.07241586595773697,
    0.07460508495569229,
    0.0840916857123375,
    0.11250858753919601,
    0.09731284528970718
  ],
  "val_accuracy_15_percent": [
    0.07935267686843872,
    0.07957589626312256,
    0.1462053507566452,
    0.13032279908657074,
    0.12100790441036224,
    0.13062328100204468,
    0.13036572933197021,
    0.20084992051124573,
    0.17015795409679413
  ],
  "val_accuracy_20_percent": [
    0.10424107313156128,
    0.11841517686843872,
    0.21852679550647736,
    0.1795158088207245,
    0.18037430942058563,
    0.20673076808452606,
    0.19990555942058563,
    0.3340916931629181,
    0.2945999503135681
  ],
  "val_accuracy_5_percent": [
    0.02611607126891613,
    0.01707589253783226,
    0.05011161044239998,
    0.05069539695978165,
    0.032323144376277924,
    0.04283997416496277,
    0.04468578100204468,
    0.04829155281186104,
    0.04816277697682381
  ],
  "val_loss": [
    0.25876936316490173,
    0.19245287775993347,
    0.16043950617313385,
    0.15423528850078583,
    0.1540861278772354,
    0.14173969626426697,
    0.13546530902385712,
    0.1225995346903801,
    0.1217154711484909
  ],
  "val_mae": [
    0.4933894872665405,
    0.3704202473163605,
    0.3084677755832672,
    0.30890703201293945,
    0.31560447812080383,
    0.29342877864837646,
    0.2878252863883972,
    0.2497645914554596,
    0.2531833052635193
  ],
  "val_mse": [
    0.35500821471214294,
    0.23973871767520905,
    0.18889376521110535,
    0.1727520376443863,
    0.1755390763282776,
    0.15088355541229248,
    0.13989591598510742,
    0.11552773416042328,
    0.11418323963880539
  ],
  "val_r_squared": [
    -4.2581353187561035,
    -2.198718309402466,
    -1.5308020114898682,
    -1.1325255632400513,
    -1.1564559936523438,
    -0.8730414509773254,
    -0.8229012489318848,
    -0.3079884648323059,
    -0.4035988450050354
  ],
  "learning_rate": [
    0.0020000000949949026,
    0.0020000000949949026,
    0.0020000000949949026,
    0.0017071068286895752,
    0.001500000013038516,
    0.0012588190147653222,
    0.0010000000474974513,
    0.0007411809638142586,
    0.0005000000237487257
  ]
}