{
  "accuracy_10_percent": [
    0.026392074301838875,
    0.09717974811792374,
    0.1133781373500824,
    0.13031981885433197,
    0.1433008462190628
  ],
  "accuracy_20_percent": [
    0.05445123836398125,
    0.19555936753749847,
    0.235580176115036,
    0.2528722882270813,
    0.2781175673007965
  ],
  "loss": [
    1488.4189453125,
    711.0964965820312,
    466.0661926269531,
    386.9536437988281,
    336.3454895019531
  ],
  "mae": [
    27.30782127380371,
    17.95191192626953,
    15.073952674865723,
    13.716245651245117,
    12.782565116882324
  ],
  "mape": [
    78.75858306884766,
    86.57157897949219,
    79.19259643554688,
    69.64008331298828,
    65.50254821777344
  ],
  "val_accuracy_10_percent": [
    0.0657552108168602,
    0.0716145858168602,
    0.05416666343808174,
    0.0462239570915699,
    0.04570312425494194
  ],
  "val_accuracy_20_percent": [
    0.1569010466337204,
    0.14296875894069672,
    0.11744791269302368,
    0.1009114608168602,
    0.09322916716337204
  ],
  "val_loss": [
    182.44512939453125,
    248.94332885742188,
    417.51495361328125,
    605.6477661132812,
    777.894775390625
  ],
  "val_mae": [
    9.130420684814453,
    13.295799255371094,
    16.017780303955078,
    18.70598602294922,
    20.653371810913086
  ],
  "val_mape": [
    76.81034088134766,
    194.91200256347656,
    233.09243774414062,
    271.09771728515625,
    295.7938232421875
  ],
  "learning_rate": [
    0.0010000000474974513,
    0.0010000000474974513,
    0.0010000000474974513,
    0.0005000000237487257,
    0.0005000000237487257
  ]
}