{
  "accuracy_10_percent": [
    0.10051136463880539,
    0.14363636076450348,
    0.15282197296619415,
    0.16128788888454437,
    0.1685890257358551,
    0.17597538232803345
  ],
  "accuracy_20_percent": [
    0.2023390233516693,
    0.28234848380088806,
    0.2969791889190674,
    0.3170549273490906,
    0.3281060457229614,
    0.3426041901111603
  ],
  "loss": [
    748.7042236328125,
    414.91552734375,
    360.4325256347656,
    307.4155578613281,
    285.6433410644531,
    256.4534606933594
  ],
  "mae": [
    18.25040054321289,
    13.810612678527832,
    12.933948516845703,
    11.974625587463379,
    11.525039672851562,
    10.953557014465332
  ],
  "mape": [
    83.1549301147461,
    73.54922485351562,
    68.8498764038086,
    62.968448638916016,
    60.10626983642578,
    57.77000045776367
  ],
  "val_accuracy_10_percent": [
    0.059915024787187576,
    0.05327698960900307,
    0.06281664222478867,
    0.06824567168951035,
    0.07518307864665985,
    0.07661086320877075
  ],
  "val_accuracy_20_percent": [
    0.12592114508152008,
    0.10104435682296753,
    0.1204690933227539,
    0.13026782870292664,
    0.13280674815177917,
    0.14185702800750732
  ],
  "val_loss": [
    442.45819091796875,
    807.9266967773438,
    821.93994140625,
    795.4151000976562,
    797.3564453125,
    747.5391235351562
  ],
  "val_mae": [
    16.442792892456055,
    20.810104370117188,
    19.5710506439209,
    19.2271728515625,
    19.22218894958496,
    18.643049240112305
  ],
  "val_mape": [
    209.51016235351562,
    238.38047790527344,
    213.24403381347656,
    202.19964599609375,
    206.11903381347656,
    202.8466339111328
  ],
  "learning_rate": [
    0.0010000000474974513,
    0.0010000000474974513,
    0.0010000000474974513,
    0.0005000000237487257,
    0.0005000000237487257,
    0.0002500000118743628
  ]
}