{
  "accuracy_10_percent": [
    0.05932370573282242,
    0.0823567733168602,
    0.10027846693992615,
    0.10613784193992615,
    0.11802332103252411,
    0.1219620481133461
  ],
  "accuracy_15_percent": [
    0.08622356504201889,
    0.12624289095401764,
    0.1502152383327484,
    0.16108517348766327,
    0.17166712880134583,
    0.18224692344665527
  ],
  "accuracy_20_percent": [
    0.11326152831315994,
    0.16682448983192444,
    0.19841541349887848,
    0.21092666685581207,
    0.22925400733947754,
    0.2387533038854599
  ],
  "accuracy_5_percent": [
    0.029356060549616814,
    0.04235716536641121,
    0.05124029889702797,
    0.05362648889422417,
    0.05783804878592491,
    0.06037364900112152
  ],
  "loss": [
    0.41760769486427307,
    0.24361389875411987,
    0.19469667971134186,
    0.17351962625980377,
    0.16209977865219116,
    0.15589134395122528
  ],
  "mae": [
    0.7451960444450378,
    0.5177209377288818,
    0.4435499906539917,
    0.4120326340198517,
    0.3912086486816406,
    0.38177403807640076
  ],
  "mse": [
    1.037376046180725,
    0.537687361240387,
    0.4112376570701599,
    0.3607190251350403,
    0.3320176303386688,
    0.313854843378067
  ],
  "r_squared": [
    -0.011582867242395878,
    0.48210808634757996,
    0.6014875769615173,
    0.6538046598434448,
    0.6830154061317444,
    0.6982101798057556
  ],
  "val_accuracy_10_percent": [
    0.004687500186264515,
    0.01015624962747097,
    0.0062500000931322575,
    0.013124999590218067,
    0.019218750298023224,
    0.024531248956918716
  ],
  "val_accuracy_15_percent": [
    0.004687500186264515,
    0.014843749813735485,
    0.011406250298023224,
    0.01640624925494194,
    0.03671874850988388,
    0.03843750059604645
  ],
  "val_accuracy_20_percent": [
    0.004687500186264515,
    0.01875000074505806,
    0.02187499962747097,
    0.03359375149011612,
    0.045781247317790985,
    0.0546875
  ],
  "val_accuracy_5_percent": [
    0.0007812500116415322,
    0.004687500186264515,
    0.0031250000465661287,
    0.005156249739229679,
    0.008906249888241291,
    0.009531250223517418
  ],
  "val_loss": [
    0.2956153154373169,
    0.2205076962709427,
    0.18285351991653442,
    0.16117805242538452,
    0.13743877410888672,
    0.1282808482646942
  ],
  "val_mae": [
    0.6744661331176758,
    0.5552509427070618,
    0.4943902790546417,
    0.4517957866191864,
    0.3993709087371826,
    0.37935876846313477
  ],
  "val_mse": [
    0.6320450305938721,
    0.46618759632110596,
    0.3728056252002716,
    0.3253578543663025,
    0.2710448205471039,
    0.24804672598838806
  ],
  "val_r_squared": [
    -7.5145158767700195,
    -4.041016101837158,
    -2.5793778896331787,
    -1.7329527139663696,
    -0.9833906292915344,
    -0.7135905027389526
  ],
  "learning_rate": [
    0.003000000026077032,
    0.003000000026077032,
    0.002560660243034363,
    0.0020740251056849957,
    0.001500000013038516,
    0.0009259748621843755
  ]
}