{
  "accuracy_10_percent": [
    0.04294310882687569,
    0.0610412135720253,
    0.06965718418359756,
    0.08378820866346359,
    0.09898107498884201,
    0.09688864648342133,
    0.1032114252448082,
    0.11676674336194992,
    0.10716884583234787,
    0.11367358267307281,
    0.11785844713449478,
    0.11681222915649414
  ],
  "accuracy_15_percent": [
    0.06924690306186676,
    0.09359044581651688,
    0.10699306428432465,
    0.12672853469848633,
    0.149153932929039,
    0.1526564657688141,
    0.15847890079021454,
    0.17012372612953186,
    0.16198143362998962,
    0.16921398043632507,
    0.17348980903625488,
    0.17112445831298828
  ],
  "accuracy_20_percent": [
    0.09263311326503754,
    0.127507284283638,
    0.14432896673679352,
    0.17362627387046814,
    0.19782568514347076,
    0.19928130507469177,
    0.20937955379486084,
    0.22102437913417816,
    0.21397380530834198,
    0.22093340754508972,
    0.22834789752960205,
    0.22475436329841614
  ],
  "accuracy_5_percent": [
    0.022975929081439972,
    0.03227571025490761,
    0.03446389362215996,
    0.0428493432700634,
    0.05490356683731079,
    0.04939956218004227,
    0.051264554262161255,
    0.057041484862565994,
    0.05531295761466026,
    0.05663209781050682,
    0.061681222170591354,
    0.05854257568717003
  ],
  "loss": [
    0.5669296383857727,
    0.35042816400527954,
    0.2746157944202423,
    0.22100791335105896,
    0.20337924361228943,
    0.19611041247844696,
    0.18746522068977356,
    0.17686733603477478,
    0.17815753817558289,
    0.17339494824409485,
    0.16174744069576263,
    0.1639595627784729
  ],
  "mae": [
    0.9264994859695435,
    0.6671552062034607,
    0.567807674407959,
    0.4901002049446106,
    0.4591873586177826,
    0.4493172764778137,
    0.434323787689209,
    0.41942450404167175,
    0.4237121641635895,
    0.41369903087615967,
    0.39527633786201477,
    0.4003232419490814
  ],
  "mse": [
    1.4887171983718872,
    0.8019681572914124,
    0.5993887782096863,
    0.467563271522522,
    0.42856335639953613,
    0.4063315689563751,
    0.3907407224178314,
    0.3584690988063812,
    0.3588293492794037,
    0.35187143087387085,
    0.31985440850257874,
    0.3281288146972656
  ],
  "r_squared": [
    -0.7950213551521301,
    0.0722593292593956,
    0.3170047700405121,
    0.5165292620658875,
    0.5686384439468384,
    0.5745751261711121,
    0.6092538237571716,
    0.6347905993461609,
    0.6252467632293701,
    0.6340411901473999,
    0.669995129108429,
    0.666808545589447
  ],
  "val_accuracy_10_percent": [
    0.08445946127176285,
    0.11824323982000351,
    0.14695945382118225,
    0.1253838986158371,
    0.12108414620161057,
    0.1063421368598938,
    0.14089372754096985,
    0.12615171074867249,
    0.14173832535743713,
    0.15947480499744415,
    0.17129912972450256,
    0.1493396759033203
  ],
  "val_accuracy_15_percent": [
    0.1317567527294159,
    0.16976352035999298,
    0.2069256752729416,
    0.20385441184043884,
    0.19034090638160706,
    0.17936117947101593,
    0.22113022208213806,
    0.22028562426567078,
    0.23633292317390442,
    0.26750612258911133,
    0.27172911167144775,
    0.2561425268650055
  ],
  "val_accuracy_20_percent": [
    0.17060810327529907,
    0.2128378450870514,
    0.2685810923576355,
    0.25998157262802124,
    0.25829237699508667,
    0.2498464286327362,
    0.30428439378738403,
    0.32286548614501953,
    0.3426750600337982,
    0.38359951972961426,
    0.3629453182220459,
    0.35872235894203186
  ],
  "val_accuracy_5_percent": [
    0.030405405908823013,
    0.06165540590882301,
    0.07179053872823715,
    0.060350120067596436,
    0.05443795770406723,
    0.0439189188182354,
    0.0747082307934761,
    0.055205777287483215,
    0.05858415365219116,
    0.08476658910512924,
    0.07885442674160004,
    0.0746314525604248
  ],
  "val_loss": [
    0.16758008301258087,
    0.11777782440185547,
    0.11129733175039291,
    0.0905795693397522,
    0.08688416332006454,
    0.0807340070605278,
    0.07421668618917465,
    0.06926638633012772,
    0.06492311507463455,
    0.06094253063201904,
    0.060359273105859756,
    0.06134185194969177
  ],
  "val_mae": [
    0.4403967261314392,
    0.35328203439712524,
    0.3330352008342743,
    0.2954983115196228,
    0.28866735100746155,
    0.2777995765209198,
    0.25844311714172363,
    0.24478474259376526,
    0.23361265659332275,
    0.22036191821098328,
    0.21819886565208435,
    0.22332662343978882
  ],
  "val_mse": [
    0.29199469089508057,
    0.1910330355167389,
    0.17814211547374725,
    0.1368110328912735,
    0.12950505316257477,
    0.11742055416107178,
    0.10458813607692719,
    0.09482661634683609,
    0.08624318242073059,
    0.07838321477174759,
    0.07737290114164352,
    0.07942817360162735
  ],
  "val_r_squared": [
    -8.219308853149414,
    -5.3504638671875,
    -5.024409770965576,
    -1.9377387762069702,
    -1.6845214366912842,
    -1.282079815864563,
    -0.8794236183166504,
    -0.7624780535697937,
    -0.4963570535182953,
    -0.42560872435569763,
    -0.2865782678127289,
    -0.39594486355781555
  ],
  "learning_rate": [
    0.0010000000474974513,
    0.0010000000474974513,
    0.0010000000474974513,
    0.0009045085171237588,
    0.0008345653186552227,
    0.000750000006519258,
    0.0006545084761455655,
    0.0005522642168216407,
    0.00044773577246814966,
    0.0003454915131442249,
    0.0002500000118743628,
    0.0001654346997383982
  ]
}