{
  "loss": [
    1539.3052978515625,
    662.2377319335938,
    461.18597412109375
  ],
  "mae": [
    28.659523010253906,
    17.666303634643555,
    15.043556213378906
  ],
  "mape": [
    85.51248931884766,
    81.88217163085938,
    84.70094299316406
  ],
  "val_loss": [
    244.2451629638672,
    243.73146057128906,
    476.6343688964844
  ],
  "val_mae": [
    10.19079303741455,
    12.611681938171387,
    15.835068702697754
  ],
  "val_mape": [
    60.432960510253906,
    192.2979278564453,
    234.994873046875
  ],
  "learning_rate": [
    0.0010000000474974513,
    0.0010000000474974513,
    0.0010000000474974513
  ]
}